Point Name,Point Info,Default Location,Geometry
DataPoint1,DataPoint1Info,DefaultPoint: -112.617932 21.76034,"POLYGON ((-111.617932 20.76034, -113.617932 20.76034, -113.617932 22.76034, -111.617932 22.76034, -111.617932 20.76034))"
DataPoint2,DataPoint2Info,DefaultPoint: -112.517932 21.86034,"POLYGON ((-111.417932 20.96034, -113.417932 20.96034, -113.417932 22.96034, -111.417932 22.96034, -111.417932 20.96034))"
DataPoint3,DataPoint3Info,DefaultPoint: -112.417932 21.96034,"POLYGON ((-111.217932 21.16034, -113.217932 21.16034, -113.217932 23.16034, -111.217932 23.16034, -111.217932 21.16034))"
DataPoint4,DataPoint4Info,DefaultPoint: -112.317932 22.06034,"POLYGON ((-111.017932 21.36034, -113.017932 21.36034, -113.017932 23.36034, -111.017932 23.36034, -111.017932 21.36034))"
DataPoint5,DataPoint5Info,DefaultPoint: -112.217932 22.16034,"POLYGON ((-110.817932 21.56034, -112.817932 21.56034, -112.817932 23.56034, -110.817932 23.56034, -110.817932 21.56034))"